"classId","name","cell","x","y","z"
"31602","Surloshen Realaidain","06020100","109.805","144.216","16.805"
"31509","Xireri","0609002C","134.911","86.9783","87.21"
"36232","Solange","09050102","35.7924","122.684","72.005"
"31411","Nightmare Gate","0A0F0033","156","59.989","281"
"10923","Tekapuapuh","0DB90000","13.8769","81.6908","0.00500001"
"10978","Hea Arantah","0EBA0000","105.169","67.7502","2.005"
"11343","Hea Riketura the Collector","0EBA0000","113.737","46.9006","2.005"
"11344","Hea Ihipura the Crafter","0EBA0000","71.3605","77.0172","2.005"
"10922","Hea Mutuona","0EBA0000","113.029","61.2068","2.006"
"31709","Hea Kassoka","0EBA0035","152.515","105.228","-0.095"
"38976","Carenzi Racer","10350034","157.474","79.9942","72"
"38975","Carenzi Racer","10350034","159.474","79.4942","72"
"38974","Carenzi Racer","10350034","161.474","80.9942","72"
"38973","Carenzi Racer","10350034","158.474","81.9942","72"
"38972","Carenzi Racer","10350034","158.474","84.9942","72"
"38971","Carenzi Racer","10350034","160.474","85.9942","72"
"38970","Carenzi Racer","10350034","158.474","86.9942","72"
"38969","Carenzi Racer","10350034","159.474","82.9942","72"
"38978","Carenzi Race Announcer","10350034","166.852","93.22","72.005"
"38946","Carenzi Racer","10350034","151","93.5","72"
"38952","Carenzi Racer","10350034","162.987","93.5269","72"
"38947","Carenzi Racer","10350034","153","93.5","72"
"38948","Carenzi Racer","10350034","155","93.5","72"
"38950","Carenzi Racer","10350034","159","93.5","72"
"38951","Carenzi Racer","10350034","161","93.5","72"
"38945","Carenzi Racer","10350034","149","93.5","72"
"38949","Carenzi Racer","10350034","157","93.5","72"
"38993","Carenzi Race Bookie","1035003C","170.83","93.8145","72.005"
"27262","Aun Aukherea","11330000","75.399","100.146","66.007"
"27267","Aun Khekierea","11330000","77.396","102.135","66.007"
"30629","Aludi al-Jaladh","11330000","88.5902","110.812","66.005"
"3926","Ivory Crafter","11340000","66.2035","80.434","42.005"
"7241","Yuan Hanzu","11340000","103.419","66.3338","42.005"
"5774","Town Crier","11340000","121.871","112.476","42.005"
"24153","Aaminah","11340000","128.708","84.8105","42.005"
"37599","Joku Shunja","1134001B","91","55.4","45.605"
"36534","Guard Q'alia","1134001C","90.1444","82.7602","42.005"
"31690","Dionaea","1134001F","90.655","161.575","42.005"
"6873","Ulgrim the Unpleasant","1134001F","79.2045","145.96","42.005"
"32813","Lydda","1134001F","93","145","42.005"
"37598","Qurakh al-Taal","11340025","118","105","42.005"
"31970","Shuthoth","11340033","159.279","67.7768","38.7596"
"4214","Leather Crafter","11340102","87.3571","52.1344","42.005"
"41515","Anfram Mellow","1134010E","135.584","90.4377","42.005"
"41526","Alishia bint Aldan","1134010E","139.698","88.2701","42.005"
"37600","Vierana du Canamorra","11340111","137.373","82.534","42.005"
"30509","Tanami Kei","11340131","76.1548","155.905","45.205"
"38462","Gaston Shadowbound","11340133","91.674","156.404","45.205"
"32991","Harkwull the Discreet","11340138","87.5","157.5","42.005"
"12050","Agent of the Arcanum","11340145","135.177","137.059","42.005"
"28690","Erik Festus","11340147","134.843","135.569","38.006"
"28686","Rohula bint Ludun","11340147","134.295","130.924","38.006"
"32684","Mekhmet","1134015A","37.9793","154.072","41.705"
"33876","Soju Bo-Ki","1134015C","83","179","41.705"
"33875","Lamorda Loschi","1134015C","79","179","41.705"
"33877","Hoshar ibn Jalaq","1134015D","87.5","179","41.705"
"8155","Leopold","11350100","9.8968","83.6549","71.729"
"29229","Ishaq the Philosopher","132C0102","39.6756","160.974","9.205"
"5772","Town Crier","17B20000","135.376","33.1646","44.005"
"11322","Bachus Flufens","17B20000","127.606","65.2235","49.205"
"32072","Niccolo Brasi","17B2000D","24.2423","102.925","46.005"
"32109","Susana du Loc","17B2001B","80.2485","68.6081","45.3176"
"32073","Andrea Dilazo","17B20024","109.482","73.2946","44.005"
"31648","Afra bint Abbas","17B2002B","135.931","70.4125","44.005"
"11322","Bachus Flufens","17B2002B","127.606","65.2235","49.205"
"32074","Lucio Murrio","17B2002B","137.554","48.9581","44.005"
"32069","Piero Cenizzi","17B2002C","130.065","80.946","59.205"
"11347","Ling Xiao the Collector","17B2010E","123.804","54.6442","41.205"
"10842","Behdo Yii","17B20122","62.0743","84.845","46.005"
"25314","Undead Mechanic","1CB40101","104.445","18.9122","2.0075"
"11406","Aun Firanauri the Gate Keeper","1DB60000","76.6208","134.649","90.006"
"11940","Aun Town Crier","1DB60000","110.587","103.21","120.006"
"11348","Aun Mareura the Collector","1DB60000","154.257","66.7007","120.005"
"11349","Aun Whethura the Crafter","1DB60000","163.192","53.9236","120.005"
"28472","Aun Faranua","1DB60000","117.911","125.846","120.006"
"24055","Aun Kiriona","1DB60106","187.756","125.404","120.005"
"24054","Aun Rukuona","1DB60106","188.83","128.1","120.005"
"24053","Aun Ngationa","1DB60106","187.664","137.358","120.005"
"24052","Aun Turiona","1DB60106","188.443","134.28","120.005"
"31971","Water Guardian","1E090007","20.0339","147.996","48.0025"
"32107","Aun Ruperea","1EB60007","2.86188","163.895","120.006"
"11330","Aun Papileona","1FB10000","180.286","35.5777","0.00550002"
"41548","T'ing Douzen","21700029","129.396","18.5098","178.005"
"43213","Emissary of Asheron","21700029","135.028","5.36284","178.005"
"41546","Dame Trielle","21700029","142.895","19.093","178.005"
"43145","Squire Tylaen","21700029","139.349","14.3138","178.008"
"42360","Sir Durnstad","21700029","140.903","13.4105","178.005"
"41545","Sir Yanov","21700103","155.005","13.6376","177.705"
"70707","Silver Scope Spymaster","2172021B","139.872","168.887","138.405"
"42616","Copper Cog Craftsmaster","21720283","29.1654","96.1059","144.408"
"70708","Bronze Gauntlet Knight-Commander","217202F0","114.315","34.4342","144.405"
"5774","Town Crier","21B00000","39.9044","139.445","0.005"
"32075","Salvito di Marden","21B00013","54.1167","71.2619","0.005"
"32066","Otto Selino","21B00016","59.6352","131.873","8.805"
"32064","Vettorio Bilcone","21B00016","56.7312","133.556","15.205"
"29858","Aun Arenura the Crafter","21B00102","133.58","83.6203","6.805"
"32065","Turino Ribini","21B00109","86.3344","83.6525","4.405"
"11345","Merlonna Farel the Collector","21B00118","15.9165","151.562","4.405"
"25672","Aurten Rhell","21B00118","18.2616","152.646","4.405"
"29859","Aun Nireeura","21B10000","62.0048","15.288","2.005"
"29860","Aun Ihmenaura","21B10000","60.6515","9.94679","2.005"
"29861","Aun Kahuiura","21B10000","57.0183","12.5852","2.005"
"29862","Aun Pitamaura","21B10000","57.566","16.4766","2.005"
"11372","Aun Bernawa","22B20000","75.7657","163.306","31.6149"
"31954","Matthias Eckhart","23B6011B","8.0014","38.4203","-3.195"
"31950","Antonia","23B60123","15.2102","34.1315","-3.195"
"31951","Arica","23B60123","12.0986","36.4008","-3.195"
"31953","Gromnie","23B60125","25.7945","67.5225","-3.195"
"31952","Daniel","23B60127","23.7928","57.6883","-3.195"
"31949","Count Tenera","23B6012B","26.098","30.8607","-3.195"
"31941","Dar Rell","23B60137","43.5682","38.7086","-3.195"
"31940","Jedeth Eckhart","23B60137","48.5756","34.5981","-3.195"
"32110","Robert Gutsmasher","23B6013A","46.8945","40.1646","-3.195"
"28717","Clemenza","23DA002B","123.306","71.7076","2.005"
"31659","Jiang Li","23DA0113","159.513","57.3424","2.105"
"12050","Agent of the Arcanum","25810000","110.966","115.545","220.005"
"5772","Town Crier","25810000","166.803","78.545","220.005"
"24493","Fort Tethana Sentry","25810000","176.171","78.9351","224.005"
"25986","Small Creepy Statue","25810000","162.241","95.645","220.005"
"31643","Saqr","2581002B","129.252","70.9819","220.005"
"31290","Soldier","25810034","156.861","82.2571","220.005"
"31308","Xsao Lann","2581003B","179.124","48.6037","225.005"
"32842","Lieutenant Durgan","25810149","163.924","68.9318","220.005"
"27280","Aun Tahuirea","259D0000","83.6707","83.8345","30.005"
"30438","Fratellone Ribellarista","26EC002E","137.161","126.489","80.005"
"30439","Fratellodunon Ribellarista","26EC0036","152.226","136.195","80.005"
"11410","Aun Shimauri","27B90100","16.0083","168.349","16.806"
"30981","Lila Fiori","27EB0103","106.968","180.458","80.005"
"30436","Marlan Nessunello","27EC0003","21.031","68.3593","80.005"
"28680","Rickard Dumalia","27EC000E","30.909","126.048","80.005"
"32628","Hashina","27EC0015","63.1373","103.816","80.005"
"30437","Sacci Mijob","27EC0015","52.3081","104.095","80.005"
"30434","Raimonestes Risolu","27EC0015","57.43","98.1885","80.005"
"41523","Raphel Detante","27EC0016","64.0655","133.507","80.005"
"41522","Carlito Gallo","27EC0016","65.6593","133.507","80.005"
"32835","Lucari di Bellenesse","27EC0016","63.6799","121.003","80.005"
"31651","Enzo Ilario","27EC0016","48.3422","139.599","80.005"
"28699","Grand Mother","27EC0016","63.2516","126.11","84.005"
"31728","Mancanza the Wanderer","27EC001A","77.1676","44.4825","80.005"
"43406","Lord Tyragar","27EC001E","72.8985","142.767","80.006"
"30435","Mendica Scarsolo","27EC0025","99.4314","113.906","80.005"
"34259","Donatello Linante","27EC0102","67.8788","138.759","84.005"
"28703","Scorus","27EC011B","104.155","155.229","80.2105"
"28836","Chef Martam","27EC012D","41.0311","138.763","80.005"
"29468","Huntsman of Silyun","27EC0139","181.146","11.7057","80.005"
"29487","Guard","2AEE0025","117.456","99.7854","100.005"
"29488","Sir Ginazio","2AEE002C","127.638","87.727","100.005"
"29487","Guard","2AEE002D","130.943","98.2835","100.005"
"32801","Iian di Alduressa","2AEE003E","170.289","121.743","66.005"
"24576","Aun Xathurea the Leather Crafter","2B110000","83.2122","124.636","48.0075"
"24578","Sentry","2B110000","181.668","179.74","63.805"
"24578","Sentry","2B110000","107.415","106.009","63.81"
"24873","Gate Guard","2B110000","177.624","114.107","48.005"
"24874","Sentry","2B110000","187.528","135.193","51.974"
"24874","Sentry","2B110000","152.344","100.784","51.945"
"25985","Small Creepy Statue","2B110000","161.541","137.069","48.005"
"36535","Guard Alfric","2B11000D","44.5181","117.82","65.8726"
"31644","Grania the Bold","2B11000F","29.6644","167.528","48.005"
"5772","Town Crier","2B11001E","72.9174","133.044","48.005"
"24573","Yukara Miko the Collector","2B110112","39.9615","163.457","48.005"
"43410","Morathe","2B11011C","165.653","173.53","47.205"
"24575","Ulna bint-Fasha the Ivory Crafter","2B110121","162.059","163.467","47.205"
"27948","Finn Skigg","2B110127","55.9915","124.656","52.405"
"24578","Sentry","2B120000","84.3083","86.6441","63.81"
"24578","Sentry","2B120000","10.0363","12.3521","63.81"
"24574","Pagrok the Stone Collector","2B12011F","56.3862","74.628","32.41"
"27263","Aun Autuorea","2B12012A","147.873","18.0287","48.0065"
"24577","Agent Dravos","2B120134","141.14","55.474","48.01"
"25585","Dalius Kendmar","2B12013C","22.894","75.559","60.025"
"25584","Talira Dain","2B12013C","20.198","73.415","60.025"
"31842","Hinkel","2B20011B","98.6781","77.1309","210.005"
"31841","Chef Jonus","2B200121","81.6934","89.5743","200.005"
"31839","Markis","2B200140","79.7569","76.2415","180.805"
"31840","Larnia","2B20014D","85.2787","92.9847","180.805"
"5777","Town Crier","2BB50000","181.229","80.8462","0.005"
"32108","Rico Cellini","2BB50024","104.98","80.3204","15.205"
"32067","Romeo Osemmi ","2BB50024","106.005","87.2315","15.205"
"32084","Enrico di Bellenesse","2BB50117","107.61","81.9146","0.105"
"11371","Hea Toneawa","2BB60000","144.59","14.4738","0.005"
"10866","Mazur ibn Stounis","2CB50000","6.04761","23.4479","0.005"
"28258","Balarazo","2CB50000","8.15369","13.8091","0.005"
"32071","Valentina du Lurio","2CB50003","5.54095","55.498","0.005"
"32070","Caprice du Bellenesse","2CB50003","7.57861","55.2219","0.005"
"51208","Virindi Delegate","2CB50005","15.5909","101.983","0.029"
"32068","Tito Brickicci","2CB50005","2.22541","99.693","0.005"
"11346","Shalon ibn Mayar the Collector","2CB50106","31.4173","92.0089","4.405"
"31957","Eliza du Curena","2CB50111","5.977","37.989","-1.195"
"7402","Garaena the Emissary","2D110000","82.6887","171.336","56.0083"
"28473","Toberik","2D5A0130","120.802","117.383","-10.39"
"31972","Flame Guardian","2DAF000E","46.1814","121.79","48.0025"
"33746","Varetha","31470018","71.8513","191.634","5.99311"
"28679","Piersanti Linante","31D60102","113.411","137.521","80.105"
"32843","Lieutenant Dialossa","31D60109","116.347","123.457","90.005"
"33013","Melaverre","31D60128","65.7061","99.9168","80.105"
"32693","Garmasi","31D6012D","51.0098","122.72","80.105"
"31431","Gallatria du Ressetta","31D60134","52.0187","145.175","80.105"
"28700","Grand Knight","31D60134","71.9016","163.689","80.105"
"30063","Town Crier","31D70011","71.7591","18.0527","80.005"
"30266","Stuven di Bonachien","32D9002D","126.004","109.671","52.005"
"32820","Giordonni","32D9002D","142","110","52.005"
"30267","Paissen du Kim","32D90032","159.013","46.1829","52.005"
"32834","Turien Di Furza","32D9003A","186.794","46.1104","52.005"
"30063","Town Crier","32D9003B","184.881","54.456","52.005"
"31655","Alessandro Mardor","32D9003C","184.708","90.6418","52.005"
"34145","Trilaine di Ricard","32D9003D","175.303","100.337","52.005"
"30073","Luressi di Maki","32D90100","129.357","87.2847","52.005"
"29051","Seneschal Dalmour","33D80100","37.4247","109.169","58.005"
"30265","Fabian Strinjelli","33D90004","10.7145","78.0069","52.005"
"44890","Rufina","33D90008","9.43755","180.23","52.005"
"30064","Town Crier","33D90008","18.508","186.459","52.005"
"28701","Elena Du Furza","33D9000A","45.756","26.9935","52.005"
"28707","Collector","33D9000C","33.1298","77.3124","52.005"
"28704","Lorca Sammel","33D90013","63.7038","66.4588","52.005"
"33615","Pathwarden Thierra Molanti","33D90014","52","90","52.005"
"29094","Portal Guardian","33D90015","62.8582","96.6625","52.005"
"28705","Anton Sillezi","33D9001B","83.8681","56.0917","52.005"
"42723","Bertrand","33D90106","10.8147","36.843","52.005"
"44894","Fiorella","33D90109","88.7646","33.856","51.995"
"28706","Rand","33D9010A","90.2186","25.9468","51.995"
"36231","Malrin","33D9010B","90.0708","34.1475","55.195"
"20203","Alatar Locke","35500100","133.024","59.1581","206.005"
"7403","Faladha the Emissary","376A0000","145.792","45.493","34.0083"
"28696","Fiun Vasherr","38F70001","10.081","18.1207","2.01048"
"28694","Fiun Bayaas","38F70001","8.96534","14.3264","2.01048"
"28695","Fiun Riish","38F70001","13.9998","19.7379","2.01048"
"28692","Fiun Luunere","38F70001","20.5515","14.9087","2.01048"
"28697","Fiun Noress","38F70001","19.3284","11.4639","2.01048"
"28693","Fiun Ruun","38F70001","15.2122","9.3649","2.01048"
"28698","Fiun Rehlyun","38F7000B","36.701","51.1241","-0.08952"
"28819","Senior Sage Shibak","38F70019","73.4939","13.1219","2.01048"
"32595","Fiun Layeel","38F7001B","93.7738","53.6917","-0.08952"
"30385","Gianni Vernice","38F70022","109.617","26.1024","1.8298"
"31642","Mariabella Varanese","39F60100","14.202","176.702","2.005"
"29505","Old Lascare","3AED000B","30.6755","57.7363","88.005"
"31702","Camp Blacksmith","3BE70101","40.2","55.7957","-0.295"
"32596","Ruschk Camp Leader","3BE70103","37.3912","81.594","-0.2934"
"41840","Fort Commander","3C0D000A","42.3898","26.8721","-0.095"
"43125","Chun Hei","3C0D0012","49.0592","32.7517","0.005"
"45851","Uber P","3CF5003E","173.872","136.151","-0.0951784"
"43126","Myung Hee","3E0A002C","126.34","79.7049","0.005"
"41838","Fort Commander","3E0A002C","128.3","78.3574","0.005"
"40461","Devon the Collector","3E0D000C","39.7742","75.5623","9.58046"
"3917","Collector","3EA40102","84.8114","35.3803","-0.795"
"24212","Caelis Renning","3F310103","42.6759","106.041","-0.295"
"24214","Aun Teverea","3F310103","36.2207","105.113","-0.295"
"24213","Kreavon","3F310104","30.7789","105.119","-0.29"
"38077","Zho Heishan","3F320009","40.5814","9.06524","-0.095"
"31649","Nona","3F320012","63.0528","45.6818","0.005"
"32780","Xanda Har","3F320012","70.1219","44.1268","0.00500005"
"36536","Guard Li","3F320012","63.4516","44.6657","5.605"
"38078","Lacarra Avanthi","3F320012","69.8132","27.9696","0.005"
"12050","Agent of the Arcanum","3F320104","54.8468","41.3855","8.405"
"31376","Sarkin Killcrane","3F320129","6.39807","7.91718","7.805"
"33277","Riordin Nightbane","3F320129","8.35993","5.47571","7.805"
"43124","Jin Kyong","400C0023","111.88","63.7981","0.005"
"41834","Fort Commander","400C0023","110.572","67.0799","0.005"
"24215","Black Hill Collector","40310000","81.3965","128.485","163.205"
"24216","Black Hill Trophy Smith","40310000","80.8736","135.185","163.205"
"7560","Feruza ibn Salaq","42DE0000","15.9289","87.3474","0.005"
"30386","Suzuhara Sheshumi","42DE0000","12.8004","74.3821","4.005"
"31296","Fiun Gaya","43EE003F","176.813","163.577","93.2678"
"34037","Commander Rylane di Cinghalle","43F30010","37.7462","185.035","158.294"
"34062","Arialle du Bellenesse","43F30010","34.6594","186.564","158.681"
"27806","Lighthouse Hermit","445F0100","153.7","33.7846","126.005"
"31036","Ruschk Challenger","44F20008","6.20114","179.558","275.563"
"31663","Ssavashka the Devoted","454A0108","45.271","1.06282","5.2"
"37602","Candrus Steady-Hand","462D0032","148.356","32.7238","4.005"
"34063","Kalakh","46F40008","17.303","176.667","169.378"
"34036","Torgash","46F40008","19.0455","179.64","170.146"
"35109","Apep-tek the Tolerant","482D001F","79.0399","158.962","6.0065"
"51957","Yoite","482D011F","91.9749","122.991","-14.795"
"51958","Gadi","482D011F","91.7184","119.175","-14.795"
"51956","Aethelswith","482D011F","91.731","116.3","-14.795"
"51955","Renata","482D011F","91.923","126.347","-14.795"
"37603","Kousu Temo","482F001A","94.1891","26.8929","4.005"
"36236","Lo Shoen","492D0017","64.1195","155.677","29.5805"
"52310","Slubbley","492D0017","55.6993","161.671","29.5805"
"11636","Crafter of Axes","49A70000","79.1373","92.127","74.453"
"11635","Crafter of Bows","49A70000","74.2463","83.9853","75.0302"
"11634","Crafter of Fists","49A70000","75.4061","79.1218","75.4355"
"11633","Crafter of Arbelests","49A70000","78.5653","76.0861","75.485"
"11632","Crafter of Knives","49A70000","84.2865","74.3325","75.0051"
"11631","Crafter of Maces","49A70000","89.3425","76.6162","74.5838"
"11630","Crafter of Orbs","49A70000","92.9833","81.6305","74.2804"
"11629","Crafter of Spears","49A70000","93.273","86.8093","74.2562"
"11628","Crafter of Staves","49A70000","89.214","90.8423","74.4588"
"11627","Crafter of Blades","49A70000","84.0574","93.3022","74.2891"
"23523","Crafter of Atlatls","49A70000","76.1251","88.7232","74.707"
"5874","Mairisa bint Fuda","49B60000","27.8013","181.271","238.901"
"25988","Small Creepy Statue","49B60000","76.6074","158.667","240.005"
"31692","Jun Sawashima","49B6000D","38.1281","113.679","240.005"
"28923","Journeyman Fletcher","49B6011F","12.6851","87.2153","240.005"
"12050","Agent of the Arcanum","49B60126","86.6889","138.56","240.005"
"14922","Grand Sentinel Tretia","49B80000","55.5021","96.0124","240.005"
"31654","Marcello","49F00022","102.992","31.3927","178.805"
"31650","Claire Artmad","49F00022","110.964","38.6567","185.205"
"31653","Orfeo Orlando","49F00022","107.95","29.8084","170.005"
"31658","Ruqaya al Mubarak","49F00023","103.344","60.7348","170.005"
"31657","Taku Yukio","49F00023","101.817","60.8858","170.005"
"31316","Ricardo","49F00023","108.58","66.9697","170.005"
"31647","Moina","49F00024","100.839","87.4448","170.005"
"31656","Ryuichi Tai","49F0002B","135.709","63.9408","170.005"
"31646","Xun Yu","49F00100","104.929","32.6865","170.005"
"30979","Hermit","49F50100","134.897","21.1597","94.805"
"37607","Jawaq ibn Janath","4A2D0027","98.534","162.535","8.005"
"32841","Lieutenant Allandal","4AB50019","85","15","240.005"
"9676","Gunther Danby","5B9C0000","103.884","138.306","14.005"
"4213","Leather Crafter","5B9C0000","125.283","136.667","14.005"
"12050","Agent of the Arcanum","5B9C0000","101.506","136.199","14.005"
"28924","Journeyman Fletcher","5B9C0000","86.925","124.774","14.005"
"31284","Jin Ghao","5B9C0025","97.9047","119.038","14.005"
"22890","Aun Paritea","5BA00000","136.336","132.195","30.3511"
"8129","Paul the Monouga","63E80000","134.263","86.9166","131.975"
"30387","Suzuhara Baijin","64D50000","44.8777","102.159","78.005"
"30627","Cyphis Suldow","64D50000","92.1077","75.6184","78.005"
"33967","Zahir","64D50023","106.703","65.3177","81.005"
"33966","Belinda du Loc","64D50107","84.8583","111.03","78.005"
"31689","Drozer","64D5010D","130.532","106.321","78.005"
"23997","Olcris, Nuhmudira's Student","64D50114","84.106","61.4052","78.01"
"12050","Agent of the Arcanum","64D5012C","54.505","34.6436","78.005"
"19127","Verdentine Magnan","65DE0000","191.356","23.9887","146.112"
"15860","Kai Mallan, Sho Enchanter","69D50100","176.154","179.325","197.205"
"26457","Ulgrim the Unappreciated","73080101","52.86","178.105","12.0035"
"70351","Mortified Soldier","76E90104","115.235","223.907","64.805"
"31964","Shemza","79110040","169.73","188.262","200.005"
"31961","Lurza","79110040","180.135","179.864","200.005"
"31962","Dmesne","79110040","188.62","169.241","200.005"
"31963","Rhujun","79110040","169.03","169.198","200.005"
"3917","Collector","7ACA0135","67.0824","15.544","200.005"
"52286","Boone","7AE80001","15.4563","11.149","120.005"
"51960","Kumiko","7AE80001","18.4127","13.3427","120.005"
"51959","George","7AE80001","15.8682","16.5878","120.005"
"43741","Archmage Ichihiri","7AE80001","16.5174","23.4645","120.005"
"51961","Leilah","7AE80002","18.3927","25.7055","120.005"
"43988","Lady Daenerah","7AE80002","5.70667","34.1301","120.006"
"43847","Sir Learth","7AE80002","5.40527","36.104","120.006"
"43804","Sir Donovan","7AE80002","2.49763","37.6587","120.005"
"43740","Hunter","7AE80002","14.3075","32.1673","120.005"
"43495","Gregoria, Gurog Destroyer","7AE80002","9.15501","32.0927","120.005"
"44989","Halvor","7AE80107","20.6915","21.1443","119.205"
"14412","Stranger in Town","7B610105","175.719","162.238","10.01"
"23336","Tackle Master","7C630100","139.702","175.73","1.50417"
"5178","Lubziklan al-Luq","7D630000","23.5602","85.6381","11.9683"
"5365","Akyafi ibn Sumwar","7D640000","85.0516","65.2689","20.805"
"25992","Small Creepy Statue","7D640000","62.3025","173.546","12.005"
"27741","Apprentice Alchemist","7D640000","90.5631","90.5797","12.005"
"44896","Ghaziyah","7D64000D","39.203","102.204","12.005"
"33616","Pathwarden Qanara bint Qolosh","7D640015","58","106","12.005"
"32836","Bhravarn ibn Salizim","7D64001D","86.6364","105.347","12.005"
"42721","Nawaf","7D64010E","91.5019","136.84","12.005"
"5179","Mara al-Luq","7D64013E","85.6987","66.45","12.005"
"5366","Ma'yad ibn Ibsar","7D64013E","89.9014","62.067","12.005"
"44892","A'shadieeyah","7D640140","91.2228","53.6365","12.005"
"12050","Agent of the Arcanum","7D64014C","88.4002","38.4678","12.005"
"12725","Sentry","7D670000","173.415","161.464","50.005"
"5180","Nasun ibn Tifar","7D680103","130.769","33.2556","9.705"
"40462","Rare Exchanger","7E640025","112.432","114.926","12.005"
"9499","Gharu'ndim Low-Stakes Gamesmaster","7E640111","109","114","12.005"
"9499","Gharu'ndim Low-Stakes Gamesmaster","7E640111","107","114","12.005"
"9496","Gharu'ndim High-Stakes Gamesmaster","7E640113","109","102","12.005"
"9496","Gharu'ndim High-Stakes Gamesmaster","7E640113","107","102","12.005"
"9493","Arshid al-Qiyid","7E640119","106.5","108","12.005"
"9502","Gharu'ndim Mid-Stakes Gamesmaster","7E64011B","114","107","12.005"
"9502","Gharu'ndim Mid-Stakes Gamesmaster","7E64011B","114","109","12.005"
"14457","Sentry","7E650000","67.0613","52.118","14.005"
"14459","Sentry","7E650000","78.919","18.0706","14.005"
"14415","Dame Tsaya","7E650100","81.5639","39.0332","14.005"
"6026","Devana bint Hamudi","7F8F0000","168.131","110.708","124.005"
"43900","Higashiyama Akako","7F8F010A","148.878","109.708","124.005"
"12050","Agent of the Arcanum","7F8F011D","157.52","185.984","124.005"
"12239","Jordan Ibn'Ikia","7F8F011D","154.271","182.686","124.005"
"8266","Diyas al-Yat","7F900000","110.697","142.459","144.005"
"12262","Ecorto the Lost Director","7F900000","101.8","110.1","143.062"
"28183","Apprentice Alchemist","7F900000","101.293","145.315","144.005"
"5695","Kuyiza bint Zayi the Translator","7F900112","100.788","153.96","147.205"
"37166","Danira the Dusty","7F900119","110.153","156.947","144.005"
"16892","Arcanum Researcher","7F90011E","106.917","163.318","147.205"
"12725","Sentry","80640000","104.801","58.7744","95.205"
"5177","Ahyara","80640100","152.281","158.103","27.705"
"25483","Darhy, Assistant to Nuhmudira","808F0000","76.254","178.378","124.005"
"34010","Maqudh al Nishadina","808F000E","38","138","124.005"
"38390","Ayesha of the Radiant Blood","808F0014","59.9902","82.7519","124.005"
"11810","Ufet, Prophet of Blades","80900000","60.705","145.487","124.005"
"19464","Coron Usgin","80900000","55.7027","113.29","127.605"
"28476","Coman ibn Rashid","80900000","66.2544","77.6888","124.005"
"38461","Arcanum Mana-smith","80900002","14.613","40.477","124.005"
"28685","Dumida bint Ruminre","8090000F","28.7284","157.145","132.805"
"28689","Husoon","8090000F","35.5111","156.861","132.805"
"36233","Zava bint Laurma","8090000F","35.8395","149.011","127.605"
"37610","Jondor Torgren","80900014","54","94.4866","124.005"
"41524","Kilaf","80900015","59.8557","115.338","132.805"
"41525","Rahina bint Zalanis","80900015","58.2231","114.318","132.805"
"40770","Component Exchanger","80900161","14.5128","38.6134","124.06"
"5636","Dizah ibn Nadqab","828E0000","78.8453","125.981","124.005"
"8766","Chosen of Asheron","82910000","66.2052","154.158","204.005"
"5763","Tazal al-Ashfai","83870000","148.628","3.55096","154.005"
"9228","Ya-Bint-Al-Hawa","856E010E","153.789","157.015","9.705"
"9227","Anid Al-Fadee","856E010F","158.985","157.607","9.705"
"9226","Gabal Feteh","856E010F","159.03","153.85","9.705"
"8403","Janda Sulifiya","8588010F","39.194","139.596","85.205"
"12204","Janda's Apprentice","8588010F","39.8493","136.848","85.205"
"12050","Agent of the Arcanum","85880124","4.79136","99.7571","86.005"
"12050","Agent of the Arcanum","866C0109","128.319","182.815","9.705"
"41567","Lieutenant Grenlin","87550016","62.7562","126.048","10.005"
"41568","Lieutenant Micham","87550016","57.42","125.936","10.005"
"42361","Sir Oakley","87550016","67.741","126.338","10.005"
"41569","Lieutenant Faen","87550100","57.9004","129.019","9.705"
"41570","Lieutenant Zin","87550100","62.9082","129.241","9.705"
"41571","Sir Stavitor","87550100","57.1586","131.279","9.705"
"41561","Dame Alistra","87550100","61.2585","134.182","9.705"
"41562","Jin Ato","87550100","58.8915","135","9.705"
"44288","Bemeth the Gatherer","87630006","22.4487","134.056","8.13478"
"52289","Sir Unell bin Rakke","87630006","20.2878","137.837","8.31435"
"44300","Hammah al Rundik","8763000E","27.1552","136.707","8.005"
"44261","Sir Ibreh bin Kassim","8763000E","34.3198","136.162","8.005"
"42941","Royal Guard","8763000E","28.5796","141.118","8.005"
"42940","Royal Guard","8763000E","36.033","126.42","8.006"
"42945","Royal Guard","8763000E","36.174","131.127","8.006"
"44301","Taylarn bint Tulani","8763000E","36.9552","122.205","8.005"
"44299","T'ing Setsuko","8763000E","38.8821","121.825","8.005"
"44999","Sir Daeglan","8763000E","33.5916","137.757","8.005"
"47052","Fahneph","8763000E","28.7963","122.656","8.005"
"48907","Nekshla","8763000E","26.7037","122.989","8.056"
"44263","Sir Hassim bin Tamarek","87630015","63.1082","113.125","10.4099"
"44262","Sir Adarl","87630016","61.4791","131.33","9.12826"
"44260","Dame Tularin","87630017","50.9524","145.589","8.25103"
"44101","Nephthys","87630101","30.123","131.677","7.705"
"44637","Sha-dekanma","8866001C","88.6466","92.1125","1.06976"
"70033","Farmer Kao","88BF0036","160.286","131.702","90.005"
"5153","Nurbaha bint Dah","8C580119","183.895","58.562","30.005"
"12050","Agent of the Arcanum","90570103","64.0182","175.894","28.005"
"27251","Adara al-Rajin","90580000","103.614","125.657","9.605"
"3918","Collector","90580120","111.103","139.002","5.205"
"5152","Jilsaya bint Dah","90580130","54.5396","54.4963","0.00500001"
"25951","Jalina al-Hajj","9058013E","154.31","112.601","-0.295"
"27744","Apprentice Cook","9058013E","150.461","114.783","-0.295"
"5154","Sarqah bint Ak","905C0100","84.8786","61.4641","27.705"
"6356","Silencia's Magma Golem","90D00000","62.1963","107.7","297.21"
"28921","Journeyman Cook","90D0010D","90.7358","96.4374","277.205"
"25991","Small Creepy Statue","934B0000","56.6477","32.6561","14.005"
"42112","Atamarr","934B000B","28.9113","49.8314","14.1626"
"42601","Kaytin","934B000B","31.11","49.6178","14.1433"
"42618","Merkitz ibn'Akadh","934B000B","24.9083","49.3562","14.118"
"8370","Aino Lunnan-Shin","934B0100","111.748","57.6946","13.705"
"19354","Bhab, Arcanum Tinkerer","934B0102","35.0927","84.9939","16.005"
"19460","Hiro, Arcanum Artificer","934B0102","30.7767","84.0893","16.005"
"19713","Ciandra, Arcanum Alchemist","934B0122","43.6571","34.6215","17.205"
"24224","Alaine the Apprentice","934B0124","28.3398","37.4017","17.205"
"33244","Talar the Apprentice","934B012B","33.9151","30.3088","14.005"
"42716","Cypher the Apprentice","934B012E","35.5683","28.648","17.205"
"8229","Fazyad ibn Raymar","934B0260","132.61","38.8795","-13.595"
"43526","Fayza","934B0305","53.2467","10.8428","14.005"
"5137","Rubid al-Jurma","937F0101","156.734","86.894","33.705"
"3925","Ivory Crafter","94D60100","10.4525","106.653","140.889"
"5898","Yi Yo-Jin","95D60000","85.8443","66.2263","110.005"
"28922","Journeyman Cook","95D60000","101.867","70.522","100.005"
"6889","Gormling the Sneaky Seneschal","95D60107","84","65","100.005"
"5644","Lady Tallial","95D6013E","82.0511","106.693","105.005"
"25989","Small Creepy Statue","97220000","136.152","47.5343","102.005"
"27265","Aun Maerirea","97220000","114.665","57.8951","105.655"
"32217","Qath al-Haddash","9722001E","74.19","126.42","102.005"
"28918","Journeyman Alchemist","9722012C","109.996","114.999","105.205"
"36533","Guard Taziq","9722014C","55.379","102.904","102.005"
"12050","Agent of the Arcanum","9722015A","78.2727","132.41","102.005"
"9545","Darsida al-Qawa","97230100","58.8995","14.1487","101.705"
"27747","Apprentice Fletcher","977B0000","177.649","155.644","0.005"
"12050","Agent of the Arcanum","977B015A","88.2272","113.924","0.005"
"27266","Aun Akuarea","987C0000","63.8769","28.2551","0.005"
"14577","Aun Tikakhe","99E60000","129.837","160.089","78.112"
"14571","Aun Aulakhe","99E60000","176.529","154.191","78.005"
"14578","Aun Saritea","99E60000","152.255","186.349","77.906"
"5138","Saqat","9B7B0101","12.0894","67.4336","21.705"
"25485","Cydna Wren","9D850100","33.4445","108.384","47.705"
"12050","Agent of the Arcanum","9E43012D","10.4119","81.3995","50.005"
"28189","Apprentice Fletcher","9E44013B","53.5344","109.511","69.705"
"24068","Mage Syltyn Rillon","9EA20100","61.5054","31.1707","136.005"
"40534","Celestial Hand Buffing Array","9EE5001B","87.3262","65.9375","82"
"40535","Eldrytch Web Buffing Array","9EE5001B","87.3262","65.9375","82"
"40536","Radiant Blood Buffing Array","9EE5001B","87.3262","65.9375","82"
"80434","Chiriko","9EE50155","154.018","-31.8242","10.805"
"80436","Hanzo","9EE50155","150.055","-31.5156","10.805"
"80427","Consolata","9EE50172","204.762","-18.8828","10.805"
"80432","Janaris bint Bazheer","9EE50198","212.221","-9.99609","10.805"
"80422","Master Mehkar al-Qalam","9EE501AF","194.219","-3","10.805"
"80429","Ilnorra Denasta","9EE501B5","212.221","0","10.805"
"48716","David","9F29000D","29.3148","119.293","290"
"25790","Nip","9F29000E","36.6449","135.789","290"
"25791","Numb","9F29000E","35.9044","132.257","290"
"25789","Robert","9F290016","63.774","123.316","290"
"25788","Chef Pleist","9F290106","14.0807","153.865","290"
"25793","Elijah","9F29010A","57.0838","154.378","290"
"25794","Emma","9F29010E","11.9911","126.915","290"
"25792","The Mayor","9F290112","36.4529","109.191","290"
"24069","Weaponsmith Omaro Nagate","9FA40104","136.317","162.944","86.005"
"22893","Student","A1A40000","67.9252","146.228","50.0055"
"28185","Apprentice Cook","A1A40000","80.2028","92.3667","56.005"
"32360","Londigul Ellic the Armorer","A1A40104","66","151.08","49.925"
"32362","Tomo Genza","A1A40104","61.8207","150.627","49.925"
"32394","Captain Sovano","A1A40111","102.82","160.863","50.045"
"32395","Captain Anrayl","A1A40111","102.873","158.581","50.045"
"32396","Captain Nyino","A1A40111","104.033","160.235","50.045"
"22074","Tiffany Comfore","A1A40165","86.3577","80.7658","55.705"
"22076","Wils Morrem","A1A40165","80.9815","81.1759","55.705"
"22075","Copper Vanurp","A1A40165","86.9713","86.519","55.705"
"9467","Aurutis","A21E0000","127.215","49.6755","565.01"
"9406","Lord Kresovus","A21E0000","89.1623","86.0302","611.055"
"28515","Captain K'rank","A21E0000","77.4115","50.9697","560.322"
"47191","Neelic","A21E0026","99.3527","132.981","569.01"
"9407","Master Ulkas","A21E014F","28.1064","28.8197","561.01"
"28186","Apprentice Cook","A25F0111","155.466","62.1994","19.705"
"12050","Agent of the Arcanum","A260011D","126.342","10.2994","20.005"
"12050","Agent of the Arcanum","A2A40103","30.9222","105.51","50.005"
"8124","Gersan the Sureshot","A3600000","61.1178","172.298","18.005"
"8126","Gerloc the Defender","A3600000","62.9232","174.183","18.005"
"8125","Gervena the Oblique","A3600000","66.28","177.967","18.005"
"3917","Collector","A3A40104","60.2912","84.0818","71.005"
"12725","Sentry","A5B40119","85.9256","83.1413","76.005"
"22894","Tornash","A5B90000","114.079","176.276","128.503"
"34467","Portal Servitor","A5D30027","116.583","152.593","404.01"
"6771","Leikotha","A6720100","105.667","153.294","19.6605"
"12725","Sentry","A8B00000","153.154","105.486","89.205"
"4202","Grilhud the Hermit","A98E0100","105.938","51.2434","19.66"
"22818","Eldrista the Adventurer","A9AC0105","37.0194","14.6406","78.005"
"9495","Aluvian High-Stakes Gamesmaster","A9B20106","82","85.5","94.005"
"9495","Aluvian High-Stakes Gamesmaster","A9B20106","82","82.5","94.005"
"9501","Aluvian Mid-Stakes Gamesmaster","A9B20106","84","85.5","94.005"
"9501","Aluvian Mid-Stakes Gamesmaster","A9B20106","84","82.5","94.005"
"9498","Aluvian Low-Stakes Gamesmaster","A9B20106","86","85.5","94.005"
"9498","Aluvian Low-Stakes Gamesmaster","A9B20106","86","82.5","94.005"
"9492","Monty the Munificent","A9B20113","86.2","93","94.005"
"40463","Rare Exchanger","A9B20114","86.5249","75.3916","94.005"
"30696","Tirenia","A9B40000","101.926","20.4117","94.005"
"44895","Alcott","A9B40019","83.3001","14.0365","94.005"
"33970","Dwennon","A9B4001E","72.993","138.441","66.005"
"33596","Pathwarden Thorolf","A9B40022","97","27","94.005"
"28856","Renald the Eldest","A9B40029","128.52","4.95478","94.005"
"42720","Ealdred","A9B40127","54.1394","136.119","66.005"
"27740","Apprentice Alchemist","A9B4014D","139.637","8.1292","97.005"
"44891","Buckminster","A9B40163","104.414","35.1944","94.005"
"5033","Flinrala Ryndmad","A9B40169","103.072","45.6977","94.005"
"5035","Worcer","A9B40169","107.673","46.0672","94.005"
"30479","Alfrin","A9B40169","108.557","45.203","94.005"
"12050","Agent of the Arcanum","A9B40172","163.152","5.80392","94.005"
"14457","Sentry","AAB30000","16.9439","84.4401","116.005"
"14458","Sentry","AAB30000","58.9473","72.1484","116.005"
"12725","Sentry","AAB30000","111.247","59.1805","127.205"
"27268","Aun Kielerea","AAB30000","33.1758","82.3987","124.805"
"14413","Sir Rylanan","AAB30100","34.9576","87.9917","116.005"
"23336","Tackle Master","AAB50100","2.4279","33.2866","29.4978"
"6770","Kayna bint Iswas","AD7D011E","34.0856","89.6832","55.205"
"33939","Larinne Kerendova","B0AB0100","108.646","87.2406","58.005"
"33963","Pet Baby Thrungus","B0AB0102","116.56","87.7835","58"
"33963","Pet Baby Thrungus","B0AB0102","115.456","88.6296","58"
"33963","Pet Baby Thrungus","B0AB0102","118.054","87.2528","58"
"33963","Pet Baby Thrungus","B0AB0102","117.729","89.8698","58"
"33937","Elise Du Ricard","B0AB0104","118.563","84.5189","58.005"
"33938","Tamara Mistrunner","B0AB0108","116.858","76.3493","54.955"
"33964","Pet Ursuin Cub","B0AB0109","109.603","82.2278","54.001"
"33964","Pet Ursuin Cub","B0AB0109","109.985","77.3806","54.001"
"33964","Pet Ursuin Cub","B0AB0109","109.51","74.5888","54.001"
"33964","Pet Ursuin Cub","B0AB0109","107.062","75.3935","54.001"
"33935","Gharon al-Bhavarn","B0AB010C","112.602","80.3107","61.005"
"33936","Ma-Kii","B0AB010C","108.022","86.3692","61.005"
"33961","Pet Armoredillo Pup","B0AB010C","114.319","81.5258","61.0052"
"33962","Pet Baby Drudge","B0AB010C","113.336","87.3303","61.0023"
"33962","Pet Baby Drudge","B0AB010C","109.539","87.1419","61.0023"
"33962","Pet Baby Drudge","B0AB010E","117.624","87.5115","61.0023"
"33961","Pet Armoredillo Pup","B0AB010E","117.547","83.4876","61.0053"
"33961","Pet Armoredillo Pup","B0AB010E","117.807","80.5045","61.0053"
"25600","Hemmik the Sly","B1A90000","12.1607","175.563","42.2253"
"9527","Larry the Rabbit Master","B3810109","81.57","154.859","23.205"
"31968","Ruined Watcher","B3EC001D","93.3788","110.69","-0.095"
"32561","Bromord Morresten","B46F0018","60","174","42.005"
"32397","Antius Blackmoor Memorial","B46F0018","60","180","48.815"
"51297","Virindi Delegate","B470000F","45.4032","148.884","59.897"
"32510","Royal Guard Adrana","B4700019","80.6359","19.8476","42.005"
"5777","Town Crier","B4700021","112.168","12.26","42.005"
"27899","Bleeargh, Mosswart Swamp Lord","B470002B","137.661","70.5894","42.0066"
"27748","Apprentice Fletcher","B470002B","126.773","68.0279","42.005"
"5063","Dai Ya the Scholar","B470014F","126.95","77.6224","42.005"
"28094","Ydnew","B470014F","124.32","90.0065","42.005"
"12050","Agent of the Arcanum","B470014F","131","91.125","42.005"
"21338","Collector","B4700154","136.361","80.9609","47.605"
"22088","Frest Greelving","B6860000","19.0384","188.356","40.9842"
"23336","Tackle Master","B6A30100","50.4806","136.37","3.4978"
"25682","Xavier, Royal Guard","B7800000","59.3315","58.7778","24.005"
"20204","Slithe Tradittor","B7840102","82.8288","61.0066","29.205"
"5065","Te Ven","B96B0106","80.6309","186.991","4.805"
"21136","Emissary of Asheron","B96F0000","94.8979","109.443","10.005"
"24859","Vincadi","B96F0000","149.146","134.568","10.029"
"24858","Issk","B96F0000","107.82","54.0314","10.805"
"21338","Collector","B9720000","105.522","19.7399","24.005"
"27748","Apprentice Fletcher","B9720000","93.6038","84.1244","34.005"
"27899","Bleeargh, Mosswart Swamp Lord","B9720000","134.261","41.1362","24.0066"
"12050","Agent of the Arcanum","B9720106","83.6165","82.9901","33.705"
"28094","Ydnew","B9720108","58.5052","29.628","19.705"
"5063","Dai Ya the Scholar","B9720109","61.2558","40.0364","19.705"
"5064","Lou Ei ","B9730100","129.502","8.17398","44.405"
"43030","Esmond Fielding","BA17011C","88.9983","84.2855","136.805"
"43028","Ansar El-Kerdany","BA17011C","86.3595","86.313","136.805"
"43029","Niccolo De Luca","BA17011C","86.1901","81.5533","136.805"
"25827","Miko Li, Jojii Adherent","BA170131","78.7093","43.3177","132.005"
"28919","Journeyman Alchemist","BA170131","90.141","41.8881","132.005"
"48777","Grularr Wa'ydo","BA170136","81.113","30.937","137.605"
"12050","Agent of the Arcanum","BA17013C","37.7636","177.973","82.005"
"12050","Agent of the Arcanum","BA9E0108","53.6904","33.3188","54.005"
"12238","Bartholomew Steiner","BA9E0108","57.262","33.2901","54.005"
"16892","Arcanum Researcher","BA9F0100","39.2077","183.831","56.005"
"31429","Edobar the Esoteric","BA9F0100","30.525","184.556","56.005"
"5693","Bretself the Translator","BA9F0104","42.4784","180.007","56.005"
"5047","Beltslora","BB80010B","179.556","129.229","47.005"
"38461","Arcanum Mana-smith","BB9F0035","160.647","105.196","70.005"
"28684","Brienne Carlus","BB9F003B","184.688","55.1319","57.005"
"30278","Lenor Turk","BB9F0105","185.456","61.9865","54.005"
"30269","Robert Crow","BB9F0106","176.726","55.0766","54.005"
"30277","Burrell Sammrun","BB9F0106","178.012","63.7687","54.005"
"28687","Kris Cennis","BB9F010A","176.117","56.0742","57.005"
"30276","Joshun Felden","BB9F010D","181.492","64.1704","57.005"
"40770","Component Exchanger","BB9F0117","158.631","105.513","70.0592"
"21489","Asheron's Platinum Golem","BBC70000","180.234","120.857","60.012"
"9056","Eaushi the Trainer","BC110000","68.9851","80.1956","240.008"
"43404","Ka'hiri","BC5D0100","14.5429","108.675","-0.3345"
"8765","Chosen of Asheron","BC9C0000","152.766","170.479","1.905"
"41518","Emily Yarow","BC9E0100","9.52482","108.187","70.005"
"41519","Gustuv Lansdown","BC9E0100","10.0851","106.211","70.005"
"11809","Lieutenant Kenneth","BC9F0000","163.683","130.595","32.005"
"24248","Royal Guard","BC9F0000","92.171","75.176","54.005"
"29770","Guard Fassel","BC9F0000","91.3427","115.728","57.505"
"29768","Guard Sorchia","BC9F0000","92.8121","113.318","57.505"
"29771","Guard Ellyon","BC9F0000","92.682","106.765","57.505"
"32618","Royal Guard Qumasha","BC9F0038","145.319","173.103","32.005"
"34499","Shan Zhen","BC9F003E","187","141","32.005"
"15810","Glysander Cartoth","BC9F0108","18.9094","111.625","73.005"
"7240","Barnar the Tinker","BC9F011C","150.264","14.286","35.005"
"29766","Guard Hamdyn","BC9F0139","77.4417","106.704","57.505"
"29772","Guard Lo Pan","BC9F0140","84.5401","106.395","57.505"
"29767","Guard Haigh","BC9F014A","94.0429","112.518","54.005"
"29769","Guard Devon","BC9F014A","93.684","108.167","54.005"
"28475","Alec","BC9F0150","172.552","127.484","35.505"
"22829","Blind Snowman","BCB90000","105.932","148.943","479.181"
"38389","Arturus of the Eldrytch Web","BDA0001B","94.6456","55.9596","0.230734"
"5838","Jourgensson","BDD20000","182.205","68.453","190.005"
"28920","Journeyman Cook","BDD20000","178.051","105.887","186.005"
"28688","Alison Dulane","BDD2002C","128.682","73.1217","186.005"
"44886","Arianna the Adept","BDD20035","147.509","111.654","186.005"
"33293","Kiriel Shadowborn","BDD2003B","176.591","63.3365","186.005"
"31328","Shanrek the Forger","BDD20101","153.853","117.243","190.005"
"8654","Gillian the Poacher","BDD2010D","156.552","69.0686","186.005"
"5836","Karwin, the Lunatic","BDD2010E","185.824","87.636","186.005"
"5837","Gwillim, the Apprentice","BDD20128","160.27","83.915","186.005"
"5839","MacDugal","BDD2012B","165.875","83.7989","190.005"
"41516","Neela Nashua","BDD2012B","146.047","80.8557","190.005"
"32673","Hassha","BE720102","107","108","1.2"
"12050","Agent of the Arcanum","BE80010A","137.325","35.1687","30.005"
"33542","Lanaith","BED70024","101.954","75.2451","299.194"
"5046","Lord Aleval","BF800000","63.3885","133.95","69.205"
"25717","Guard Chandler Hammett","BF800000","56.0165","108.102","54.005"
"25715","Dame Brinna O'Shea","BF800114","57.1034","132.52","54.005"
"27743","Apprentice Cook","BF80011D","86.4073","56.8294","43.005"
"31967","Devastated Watcher","BFEC001C","82.1413","93.4465","-0.095"
"12127","William Witty","C07F0102","31.1085","150.694","47.205"
"5020","Felscuda","C1740102","156.891","82.7888","19.205"
"5024","Raxanza Folthid","C2740103","107.947","81.3866","24.005"
"5048","Ercel","C3800109","61.6214","133.251","34.005"
"43059","Peda's Assistant","C4B50379","26.1967","123.605","216.405"
"43063","Peda","C4B50379","25.2637","124.577","216.405"
"35904","Crusher","C4B50379","25.4441","131.103","216.405"
"35908","Sasha","C4B5037A","24.3237","139.764","216.405"
"35906","Tikka","C4B5037B","29.9465","142.684","216.405"
"35907","Miko","C4B5037B","25.7079","144.561","216.405"
"43057","Lash","C4B5037B","28.0589","149.027","216.405"
"43058","Thrasher","C4B5037C","15.6135","133.458","216.405"
"43060","Slasha","C4B5037C","18.2476","128.497","216.405"
"35903","Swift-Eye","C4B5037D","16.9571","143.697","216.405"
"43064","Mac","C4B5037D","16.2006","138.605","216.405"
"35905","Deena","C4B5037D","21.0451","136.848","216.405"
"43061","Long-Shot","C4B5037E","20.3846","151.038","216.405"
"43062","Dead-Eye","C4B5037E","23.9041","147.763","216.405"
"35909","Ethan Wintermaine","C4B60002","21.4279","30.8856","318.005"
"35826","Tomihino","C4B60101","12.5558","32.4525","317.705"
"35825","Alicia Swiftblade","C4B60101","14.2061","34.5032","317.705"
"35828","Adrien Swiftblade","C4B60101","16.1488","35.2156","317.705"
"4213","Leather Crafter","C68C0102","154.362","84.9348","21.205"
"27117","Translator Aun Laokhe","C6A90000","92.5098","61.0224","71.281"
"28182","Apprentice Alchemist","C6A90000","74.8342","46.387","42.005"
"53385","Professor of Void Magic","C6A9000B","27.4399","66.9579","42.005"
"53381","Professor of War Magic","C6A9000B","28.8551","65.4934","42.005"
"53384","Professor of Life Magic","C6A9000B","30.4858","64.5441","42.005"
"53383","Professor of Item Magic","C6A9000B","32.3748","64.4928","42.005"
"53382","Professor of Creature Magic","C6A9000B","34.8176","64.5191","42.005"
"49516","Primalist","C6A90019","79.7583","22.9318","43.0405"
"49515","Necromancer","C6A90019","82.3692","22.9877","43.027"
"49514","Naturalist","C6A90019","77.1954","22.9199","43.0315"
"46424","Monroe","C6A9001C","79.591","94.927","42.005"
"31364","Jacob Durstan","C6A9001C","88.2915","86.7162","42.005"
"46776","Blackmoor's Page","C6A90024","107.6","75.2331","42.005"
"25486","Hiyp the Toad","C6A90118","61.8088","44.4733","42.005"
"4213","Leather Crafter","C6A90149","35.4814","28.7693","42.005"
"12050","Agent of the Arcanum","C6A901A2","106.249","62.5899","42.005"
"22934","Anasha","C6A901AE","21.3329","18.6804","42.0891"
"4122","Le-Ai Rea","C7200102","10.2967","106.364","251.205"
"15809","Brontynn Marshad","C7720000","81.1637","109.752","55.205"
"31973","Branwyn","C7A30102","160.985","152.378","38.005"
"33675","Francois di Terli","C7E90020","84.2682","171.951","0.005"
"26536","Grearrk, Mosswart Emissary","C85B0000","41.7155","38.1777","5.9066"
"31430","Ssavish","C8620100","74.5765","85.4139","0.8"
"4794","Brentsella","C8880102","41.499","180.1","34.005"
"12050","Agent of the Arcanum","C88B0103","82.6686","171.759","22.005"
"23348","Astara Duskshield","C88C0000","61.6511","66.5649","22.005"
"27689","Royal Guard Gabrielle","C88C0000","46.3117","102.95","22.005"
"4795","Celcynd the Dour","C88C014A","16.6925","147.142","22.005"
"27746","Apprentice Fletcher","C88C016B","36.6172","78.1191","22.005"
"23336","Tackle Master","C88C0184","160.527","150.313","23.5042"
"32493","Shade of Farelaith","C8DC002B","131.728","59.5521","32.065"
"33673","Tyrina of Arwic","C8E90100","154.798","61.3465","-0.295"
"25826","Honshu Takeda","C91E0000","90.4914","63.1682","220.533"
"25830","Jojii Shrine","C95B0000","79.631","112.448","12.005"
"34305","Hasin Lin","C95B0023","119","63","12.005"
"28190","Apprentice Fletcher","C95B010D","133.777","124.388","10.805"
"24160","Ro Bi-Jor, Apprentice Tailor","C95B0113","77.5382","149.985","13.605"
"33839","Sergeant Huang","C95B0131","117.21","54.326","13.205"
"8402","Tsua Kagemata","C95B0158","127.14","88.3978","16.405"
"12205","Tsua's Apprentice","C95B0158","127.431","91.0297","16.405"
"12050","Agent of the Arcanum","C95B0162","54.8288","79.91","12.005"
"23349","Delton Hardor","C98C0128","134.345","171.453","22.005"
"32052","Merwart Gurglurg","C9E30015","66.1132","97.4886","24.0055"
"32051","Merwart Urglurg","C9E30015","55.4592","97.332","24.0055"
"4201","Drunken Madman","CB3D0000","136.569","26.7439","176.005"
"4796","Mindorla","CC8C010A","40.6375","36.9174","29.005"
"31652","Fergal the Dire","CD41001E","93.87","126.178","54.005"
"15811","Lia Tze","CD410125","89.7945","134.528","62.405"
"12050","Agent of the Arcanum","CD410184","134.499","56.0372","54.005"
"23039","Lartorus","CDB40000","78.793","133.088","231.584"
"27264","Aun Tiulerea","CE940000","175.724","7.53503","18.005"
"9544","Eluard the Namer","CE940100","110.227","130.517","19.705"
"8362","Olivier Rognath","CE950000","110.098","66.1994","20.005"
"28188","Apprentice Fletcher","CE950102","83.4763","15.3482","20.005"
"25896","Samuel, Former Guardian","CE95012E","77.4173","106.369","20.005"
"8404","Alexander the Deft","CE95013F","153.885","30.6923","23.505"
"12203","Alexander's Apprentice","CE95013F","155.488","26.7108","23.505"
"12050","Agent of the Arcanum","CE950163","14.0111","28.7569","20.005"
"19714","Emissary of Asheron","CF950000","159.625","149.861","20.005"
"31966","Watcher of the Deep","D1D7000B","39.757","58.0553","-0.095"
"31932","Dayla Bint Kazm","D3E00016","67.0857","130.389","22.022"
"31934","Colista Fluress","D3E00016","62.4042","127.124","22.005"
"31930","Peng-Ya","D3E00016","56.3533","128.021","22.005"
"31931","Algar Oreksun","D3E00016","52.5725","129.952","21.686"
"43941","Fianhe","D599003F","169.015","146.73","374.006"
"12725","Sentry","D6550116","61.3864","33.9821","52.005"
"43398","Nalicana","D6990007","4.18193","146.614","374.006"
"44950","Chafulumisa","D6990008","6.3558","174.289","374.006"
"5197","Nen Ai","D8530100","79.454","186.352","36.41"
"5196","Drudge Skulker","D8530100","79.2775","182.834","36.41"
"32715","Lo Raen","D955003D","175.883","104.59","20.005"
"25829","Jojii Shrine","DA3B0000","150.298","116.485","0.005"
"3924","Wing Collector","DA3B010F","104.606","88.639","6.805"
"3918","Collector","DA3B0116","105.743","78.6139","6.805"
"33968","Shoichi","DA3B0116","110.636","77.923","6.805"
"23350","Tian Li Quan","DA3B0120","158.821","89.226","4.405"
"27742","Apprentice Alchemist","DA550000","75.7395","153.489","25.005"
"31641","San Ming","DA55001D","73.5787","98.2255","20.005"
"44897","Eiichi","DA55001D","86.3401","104.57","20.005"
"33614","Pathwarden Koro Ijida","DA55001D","82","102","20.005"
"34286","Sayuji Jina","DA55001F","93.7431","148.683","20.005"
"33969","Hadiya bint Anan","DA550135","161.06","59.5328","21.605"
"5193","Oi-Tong Ye ","DA550177","131.437","102.901","20.005"
"5195","Lou Ka","DA550177","134.126","111.581","20.005"
"44893","Benjirou","DA55017C","129.117","103.376","25.605"
"38045","Hiro Ishigame","DA550192","81.415","63.2578","20.045"
"42722","Haruko","DA550192","83.5494","61.5904","20.045"
"12050","Agent of the Arcanum","DA56010C","11.2948","137.561","20.005"
"2225","Binthura the Beggar","DA750000","144.726","95.1201","18.005"
"2223","Orcud the Beggar","DA750000","115.708","119.415","18.005"
"2224","Dinsmal the Beggar","DA750000","172.053","25.0054","18.005"
"28516","Gorak","DA750000","172.756","97.4577","18.01"
"32650","Lieutenant Rothe","DA750032","157.207","32.6797","18.005"
"28414","Royal Guard Tabbeth","DA75012D","160.048","109.205","21.005"
"28917","Journeyman Alchemist","DA75014B","164.44","68.6372","18.005"
"12050","Agent of the Arcanum","DA750157","153.951","59.9231","21.505"
"28184","Apprentice Alchemist","DB3B010D","55.4016","82.3784","28.005"
"12050","Agent of the Arcanum","DB3B011B","17.9629","111.971","2.005"
"9500","Sho Low-Stakes Gamesmaster","DB540100","101.04","139.199","20.005"
"9494","Mi Gan-Zo","DB540100","101.993","134.724","20.005"
"9497","Sho High-Stakes Gamesmaster","DB540100","113","139.2","20.005"
"9497","Sho High-Stakes Gamesmaster","DB540100","111","139.2","20.005"
"9503","Sho Mid-Stakes Gamesmaster","DB540100","108","139.2","20.005"
"9503","Sho Mid-Stakes Gamesmaster","DB540100","106","139.2","20.005"
"9500","Sho Low-Stakes Gamesmaster","DB540100","103","139.2","20.005"
"40464","Rare Exchanger","DB540105","105.546","133.005","25.605"
"28857","Gonjoku Den","DB550006","3.86","130.691","20.005"
"14460","Sentry","DB560000","27.8602","63.3384","20.005"
"14459","Sentry","DB560000","26.2151","104.501","20.005"
"12725","Sentry","DB560000","39.5053","132.866","35.205"
"33805","Royal Guard","DB560004","1.7854","73.6329","20.005"
"14414","Sir Tenshin","DB560100","8.49244","82.3928","20.005"
"6847","Yu Vuo-Ki","DB740007","11.0001","161.65","18.005"
"6848","Dansha-Ki","DB74010A","110.655","41.6003","12.005"
"15774","Balthazar, Royal Guardian","DC3A0100","83.4148","187.428","6.805"
"9546","Jaizen Tan","DC3C0100","86.4454","13.8924","15.705"
"23336","Tackle Master","DC570100","28.6908","27.3248","7.5163"
"12725","Sentry","DE510000","109.504","81.1371","29.205"
"23336","Tackle Master","E43D0100","84.7067","138.076","121.504"
"38461","Arcanum Mana-smith","E44D003E","182.663","136.438","24.005"
"40770","Component Exchanger","E44D0103","177.324","134.578","24.0696"
"28682","Nawamara Ujio","E5320100","181.889","39.9224","32.405"
"28187","Apprentice Cook","E532010F","125.909","35.253","32.405"
"12050","Agent of the Arcanum","E532012E","110.991","184.053","28.005"
"35776","Ook","E53D003E","171.341","122.682","96.0099"
"5122","Wa Shi","E53D0100","174.793","173.865","96.005"
"25832","Han Rin-Jo, Jojii Adherent","E53D0100","182.264","185.105","96.005"
"6890","Miyako Nujou-Wah ","E53D0111","176.317","157.843","96.005"
"27745","Apprentice Cook","E53D0112","178.776","155.896","96.005"
"5121","Shin Ro","E53E0103","83.112","5.9495","120.005"
"25828","Ikomi Ra, Jojii Adherent","E5420108","111.256","17.1963","60.505"
"5120","Ji Ra Ping ","E542010D","106.551","18.515","56.805"
"5694","Fanzen San the Translator","E54E010A","81.3439","81.2322","12.005"
"16892","Arcanum Researcher","E54E0113","90.1063","80.9525","12.005"
"31691","Sara Sen","E632001D","76.4813","105.271","28.005"
"15812","Tai Wo","E6320133","88.5713","32.0443","32.805"
"34016","Master Liao Oazaka","E6320137","80.017","42.458","29.605"
"25987","Small Creepy Statue","E63D0000","62.4202","117.529","86.298"
"12050","Agent of the Arcanum","E63D014C","105.036","60.6905","86.005"
"12050","Agent of the Arcanum","E64E0102","175.407","34.7014","32.005"
"12240","Jubei Minawoto","E64E0102","181.833","36.5427","32.005"
"8767","Chosen of Asheron","E74B0000","46.2744","6.78905","50.3077"
"38388","Kirina of the Celestial Hand","E74D003F","188.138","159.424","32.005"
"11811","Shosa Kiroji Matanui","E74E0000","85.4","134.997","32.005"
"41521","Gan Fo","E74E001F","92.1521","158.532","37.005"
"41520","Akemi Fei","E74E001F","92.4366","154.3","37.005"
"28477","Li Fong","E74E0103","78.6258","155.74","34.005"
"28683","Nawamara Dia","E74E011E","77.2242","64.385","32.005"
"30274","Lu Bao","E74E0133","127","115.776","32.005"
"30273","Rikshen Ri","E74E0133","136.047","115.942","32.005"
"30270","Ilin Wis","E74E0170","114.236","10.2029","36.805"
"30272","Enli Yuo","E74E017C","133.076","91.3891","33.605"
"30271","Kyujo Rujen","E74E0184","148.412","62.4951","33.605"
"30275","Shujio Milao","E74E0193","124.378","156.214","30.805"
"12050","Agent of the Arcanum","E8210102","80.3809","174.323","26.005"
"8441","Zenzaburou Hensu","E9220000","14.0457","36.922","18.9282"
"4213","Leather Crafter","E9220000","47.5879","107.801","0.005"
"3926","Ivory Crafter","E9220000","51.133","7.02002","19.42"
"5119","Inuo KonKou","EA3D0100","9.26962","182.274","78.005"
"22461","Kleeoh","EB7C0102","73.5167","58.5034","11.205"
"8490","MacNiall the Unruled","F2220000","143.743","175.368","18.005"
"25721","Gentleman Jake Hawkins","F2220000","166.064","53.2127","18.005"
"28925","Journeyman Fletcher","F2220100","126.105","132.528","18.005"
"8491","Onda Nakoza","F2230000","151.803","10.0206","18.005"
"12050","Agent of the Arcanum","F2230102","155.427","40.8154","18.005"
"34383","Mr. P","F324002C","140.972","74.1266","1.74917"
"43405","Shade of Lady Adja","F4180112","34.917","18.1413","169.807"
"14923","Grand Sentinel Ehcac","F5180000","172.33","179.718","180.005"
"25990","Small Creepy Statue","F559003D","186.564","105.419","20"
"52272","Royal Guard","F559003D","184.934","115.53","20.005"
"46015","Royal Guard","F559003D","189.354","108.783","20.006"
"46018","Royal Guard","F559003D","183.924","117.673","20.005"
"46016","Umbral Guard","F559003D","188.107","110.621","20.005"
"46014","Umbral Guard","F559003D","187.045","112.187","20.005"
"46017","Royal Guard","F559003E","182.025","121.615","20.005"
"4214","Leather Crafter","F559010B","152.843","106.225","20.005"
"22643","Town Crier","F6810000","66.1941","160.562","51.5908"
"31645","Aidene","F6810040","177.943","184.554","54.764"
"35772","Jilna Fullgood","F6810040","184.684","174.402","63.8756"
"22640","Mayor Ko Ko","F6820000","153.616","59.6561","58.0099"
"28681","Lug","F682001A","94.1757","36.1717","63.4465"
"22642","Brighteyes, the Tailor","F682011C","175.994","30.9674","63.605"
"43072","Emissary of Asheron","F730001E","83.813","140.709","48.005"
"22643","Town Crier","F7810000","67.6088","186.79","46.708"
"22644","Hawker for Ketnan","F7840000","29.4199","145.704","42.005"
"41179","Prison Guard","F838001F","86.9748","159.073","14.005"
"41179","Prison Guard","F8380020","85.071","189.134","14.005"
"41179","Prison Guard","F8380020","84.8761","171.158","14.005"
"41179","Prison Guard","F8380027","101.886","158.635","14.005"
"41179","Prison Guard","F8380027","114.222","158.479","14.005"
"41177","Avarin","F8380028","114.96","171.957","10.005"
"41178","Gate Warden Kris","F8380028","105.973","176.35","10.005"
"41179","Prison Guard","F838002F","128.967","158.906","14.005"
"41179","Prison Guard","F8380030","131.26","171.162","14.005"
"41179","Prison Guard","F8380030","131.26","188.902","14.005"
"40534","Celestial Hand Buffing Array","F92F001A","80.5355","29.9116","148"
"40535","Eldrytch Web Buffing Array","F92F001A","80.5355","29.9116","148"
"40536","Radiant Blood Buffing Array","F92F001A","80.5355","29.9116","148"
"80435","Kagami","F92F0155","13.4922","128.401","76.805"
"80437","Bayani","F92F0155","18.4375","127.014","76.805"
"80428","Digby","F92F0172","-36.3438","115.036","76.805"
"80431","Calhoun","F92F0172","-32.2656","115.34","76.805"
"80433","Pak Li-Shung","F92F0198","-44.2188","106","76.805"
"80421","Master MacTavish","F92F01AF","-26.2188","99","76.805"
"80430","Lormish Littlefinger","F92F01B5","-44.2188","96","76.805"
"41805","Corpse of Radiant Blood Agent","F9300005","12.3117","110.954","88.005"
"41803","Corpse of Celestial Hand Agent","F930000E","28.636","129.403","88.016"
"41804","Corpse of Eldrytch Web Agent","F9300010","39.4892","174.782","86.1491"
"41804","Corpse of Eldrytch Web Agent","F930001C","92.1471","72.0791","109.972"
"41803","Corpse of Celestial Hand Agent","F9300026","96.0737","141.235","88.9329"
"41805","Corpse of Radiant Blood Agent","F930011C","58.0366","156.336","38.405"
"41803","Corpse of Celestial Hand Agent","F9300135","111.977","149.634","38.405"
